{
    "args": {
        "audio_backend": "soundfile",
        "bandwidth": 16000,
        "batch_size": 128,
        "dataset": "aligned",
        "debug": false,
        "epochs": 1000,
        "hidden_size": 512,
        "input_file": "mix.wav",
        "lr": 0.01,
        "lr_decay_gamma": 0.3,
        "lr_decay_patience": 80,
        "model": "model4",
        "nb_channels": 1,
        "nb_workers": 8,
        "nfft": 4096,
        "nhop": 1024,
        "no_cuda": false,
        "output": "open-unmix",
        "output_file": "vocals.wav",
        "patience": 140,
        "quiet": false,
        "root": "C:\\Users\\tonystark\\Documents\\audio_pedro\\augmented\\",
        "seed": 42,
        "seq_dur": 6.0,
        "target": "vocals",
        "unidirectional": false,
        "weight_decay": 1e-05
    },
    "best_epoch": 83,
    "best_loss": 1.3178869485855103,
    "commit": "1b77add",
    "epochs_trained": 87,
    "num_bad_epochs": 4,
    "train_loss_history": [
        5.002495776383466,
        3.21146750600618,
        2.875710592377199,
        2.6969112810135933,
        2.5260169549909564,
        2.411644645566867,
        2.3024227099020838,
        2.2129427050000094,
        2.1364986984188024,
        2.0643694768491088,
        1.9908771998730501,
        1.9694194508436351,
        1.9199170993332282,
        1.8667027390552797,
        1.809212236876807,
        1.8015829864173767,
        1.764745820366852,
        1.7172298989822,
        1.7211171040223536,
        1.6789082229529988,
        1.5909352295559522,
        1.505387473141343,
        1.4588836630768092,
        1.4210654773320621,
        1.389154043889815,
        1.3514261687955549,
        1.3189847994584842,
        1.2870366337362273,
        1.2691839840754735,
        1.236152588971549,
        1.2427020426894213,
        1.1938471388607081,
        1.171596504376431,
        1.1544264038462093,
        1.1597326218732291,
        1.1206364716427766,
        1.0996713556152635,
        1.127144931785522,
        1.0962882794417943,
        1.1428082291509065,
        1.1047872747453886,
        1.0880818953456532,
        1.0658221340755103,
        1.055290426706644,
        1.0436374895889275,
        1.0693685251702245,
        1.0246048148129308,
        1.0325906783402325,
        1.022890464340897,
        0.9907211645748054,
        1.0054643892306436,
        1.0034342552694517,
        0.9852769323877646,
        0.9843659199459452,
        0.968224640943155,
        0.9752772996723053,
        0.9703994058147523,
        0.961103202771373,
        0.9461447224170869,
        0.9377346673242043,
        0.9703706523901979,
        0.9518777093057421,
        0.9483431815741288,
        0.9317770153583895,
        0.9461087006438426,
        0.9406129885127607,
        0.9133864875650501,
        0.9184110303759815,
        0.9202657106896521,
        0.9237422989287847,
        0.8998044531350164,
        0.909892737025946,
        0.9903590515438818,
        0.9337876333889384,
        0.9352626053650152,
        0.9343678955095404,
        0.9130254178838657,
        0.9320055586005567,
        0.9107325004597703,
        0.9025066178977873,
        0.9045895580169682,
        0.901319201963816,
        0.9045923566832171,
        0.8884122320812812,
        0.8871781470342243,
        0.920561900805523,
        0.889159715712353,
        0.9042646820228811,
        0.8798648842420623,
        0.8834983629637985,
        0.8801136840576245
    ],
    "train_time_history": [
        486.46068120002747,
        472.5236852169037,
        448.9812743663788,
        445.88380336761475,
        443.1589186191559,
        500.35964918136597,
        448.072060585022,
        441.6163010597229,
        440.5625445842743,
        449.8468153476715,
        433.6829504966736,
        434.97915625572205,
        435.91609621047974,
        433.3260598182678,
        435.7254180908203,
        435.768550157547,
        451.16471004486084,
        468.5247104167938,
        447.4436500072479,
        739.8607318401337,
        732.122266292572,
        749.2833344936371,
        706.19207072258,
        765.1410751342773,
        730.4553894996643,
        765.5540878772736,
        740.7421264648438,
        752.2580511569977,
        734.1671416759491,
        749.6910858154297,
        776.5683963298798,
        746.1276783943176,
        752.5790021419525,
        746.6223819255829,
        757.3118722438812,
        724.1116490364075,
        731.4632935523987,
        1011.455915927887,
        999.745805978775,
        1004.5301969051361,
        1003.2017652988434,
        1004.0589673519135,
        1005.5419580936432,
        1005.640472650528,
        1010.9104468822479,
        1012.4328429698944,
        1015.9965298175812,
        1016.6991024017334,
        1014.2171998023987,
        1013.2250974178314,
        1016.964254617691,
        1013.6004047393799,
        1013.1436376571655,
        1015.1610515117645,
        1012.8780374526978,
        1014.8086824417114,
        1013.8613483905792,
        1016.2895619869232,
        1011.1544260978699,
        1011.9593093395233,
        1012.0712900161743,
        1010.063747882843,
        1016.408843755722,
        1014.5534710884094,
        1013.7881190776825,
        1011.1451563835144,
        1014.7438704967499,
        1014.3409957885742,
        1012.2248730659485,
        1789.2299308776855,
        1753.3748996257782,
        1727.3000173568726,
        1737.7726049423218,
        1764.7167782783508,
        1768.2564024925232,
        1757.8759911060333,
        1791.7728474140167,
        1770.157987833023,
        1777.3369374275208,
        1781.0637712478638,
        1796.7427003383636,
        2183.0299801826477,
        2101.7651693820953,
        2111.8546481132507,
        2116.0623428821564,
        2119.806429862976
    ],